,filename,label
33991,c17683.png,6
5911,a06538.png,6
2975,a03286.png,3
26519,c09421.png,2
35290,c19136.png,9
6097,a06739.png,5
32740,c16305.png,8
18716,c00756.png,3
21959,c04370.png,1
12019,a13361.png,1
6869,a07603.png,9
29427,c12634.png,8
9948,a11056.png,3
15534,a17282.png,0
18580,c00602.png,5
3075,a03399.png,8
27568,c10581.png,1
6926,a07668.png,9
12164,a13525.png,0
14788,a16434.png,8
39800,c24161.png,8
23704,c06303.png,0
36744,c20764.png,6
3928,a04337.png,4
13056,a14528.png,2
6990,a07748.png,5
22611,c05094.png,6
25863,c08691.png,3
11613,a12890.png,2
23011,c05536.png,9
11373,a12624.png,9
27042,c10001.png,7
14405,a16009.png,7
20563,c02833.png,2
30218,c13505.png,3
833,a00912.png,1
25044,c07780.png,9
30802,c14167.png,1
30291,c13589.png,7
3356,a03698.png,2
15412,a17142.png,8
3978,a04394.png,0
11058,a12286.png,6
35558,c19438.png,4
5077,a05608.png,5
9984,a11099.png,8
1346,a01482.png,1
9760,a10848.png,2
4671,a05158.png,3
19014,c01091.png,2
31783,c15255.png,2
17768,b00069.png,3
34377,c18110.png,8
7849,a08697.png,8
1653,a01827.png,6
30505,c13824.png,1
11173,a12409.png,0
2376,a02621.png,7
24087,c06719.png,7
6555,a07255.png,4
13342,a14848.png,9
34420,c18159.png,3
33198,c16803.png,5
4799,a05301.png,8
27548,c10557.png,1
14565,a16192.png,2
24408,c07069.png,1
4972,a05495.png,6
30346,c13649.png,2
19691,c01851.png,9
30513,c13833.png,1
11724,a13015.png,8
5698,a06301.png,5
16773,a18675.png,2
26346,c09229.png,1
27564,c10576.png,1
17125,a19061.png,9
14511,a16130.png,2
10082,a11212.png,9
21020,c03345.png,8
32016,c15507.png,4
35942,c19869.png,7
31510,c14951.png,5
13067,a14541.png,1
34972,c18782.png,7
17577,a19564.png,3
12884,a14326.png,1
15982,a17784.png,2
9966,a11078.png,1
2246,a02474.png,8
27652,c10672.png,2
9531,a10591.png,4
33709,c17368.png,2
19548,c01690.png,8
6272,a06940.png,4
17357,a19312.png,7
38106,c22281.png,2
14051,a15619.png,3
30292,c13590.png,4
5873,a06498.png,8
25106,c07846.png,4
37149,c21224.png,0
22040,c04458.png,6
38244,c22435.png,7
37265,c21352.png,1
31023,c14408.png,3
16087,a17901.png,4
2512,a02775.png,3
29647,c12878.png,0
22214,c04659.png,7
24391,c07051.png,8
10607,a11790.png,4
10748,a11946.png,3
20166,c02387.png,2
28363,c11463.png,4
17899,b00211.png,4
32522,c16061.png,8
21686,c04073.png,8
28575,c11702.png,4
9191,a10208.png,2
38054,c22221.png,9
9260,a10285.png,7
20291,c02532.png,5
115,a00121.png,9
39777,c24135.png,4
17810,b00117.png,0
33584,c17227.png,7
16249,a18085.png,0
5492,a06067.png,3
20948,c03268.png,1
31499,c14940.png,8
23653,c06247.png,4
10803,a12003.png,2
26361,c09244.png,8
9307,a10335.png,4
15751,a17527.png,2
24438,c07103.png,4
1473,a01627.png,7
15797,a17577.png,0
31895,c15377.png,9
37659,c21784.png,8
17986,b00307.png,3
8157,a09048.png,3
26291,c09168.png,3
12618,a14034.png,8
13457,a14972.png,3
29455,c12666.png,3
25171,c07917.png,3
20631,c02909.png,5
38990,c23257.png,9
27573,c10586.png,5
1071,a01178.png,2
34195,c17910.png,8
11001,a12227.png,1
8926,a09913.png,4
20790,c03093.png,8
25702,c08507.png,3
5702,a06305.png,4
10606,a11789.png,1
32778,c16347.png,7
22702,c05190.png,1
10409,a11574.png,3
8897,a09876.png,1
31085,c14480.png,2
38497,c22718.png,5
29845,c13092.png,3
26375,c09258.png,6
21240,c03580.png,1
14460,a16071.png,0
17264,a19209.png,1
23845,c06461.png,3
19961,c02162.png,7
24191,c06833.png,7
21968,c04380.png,8
19880,c02070.png,4
38733,c22974.png,2
3025,a03342.png,9
16809,a18714.png,3
35424,c19286.png,2
18751,c00798.png,2
29694,c12928.png,3
27049,c10009.png,6
32456,c15986.png,9
15537,a17285.png,7
10948,a12171.png,9
29372,c12570.png,4
9202,a10219.png,2
11325,a12571.png,7
4551,a05030.png,5
1456,a01607.png,6
15510,a17255.png,9
35475,c19345.png,0
35474,c19344.png,5
17929,b00245.png,1
37159,c21235.png,1
30324,c13624.png,6
4510,a04986.png,9
21071,c03398.png,0
666,a00731.png,2
17446,a19417.png,9
19077,c01160.png,9
21063,c03390.png,5
6749,a07472.png,2
28386,c11490.png,7
2312,a02552.png,9
38075,c22244.png,9
22838,c05344.png,4
24368,c07024.png,3
9300,a10327.png,6
35204,c19042.png,1
32894,c16478.png,8
23091,c05623.png,6
29627,c12856.png,8
34734,c18508.png,8
9753,a10841.png,7
19764,c01938.png,7
30,a00031.png,7
27771,c10805.png,9
1129,a01241.png,5
5282,a05830.png,5
11172,a12408.png,7
35899,c19824.png,3
24604,c07289.png,0
23101,c05634.png,2
17144,a19082.png,4
30635,c13976.png,3
15776,a17555.png,6
7835,a08682.png,8
37438,c21534.png,2
22300,c04752.png,8
3877,a04279.png,4
19974,c02175.png,4
8659,a09612.png,8
25029,c07764.png,3
22627,c05112.png,1
3521,a03884.png,7
10041,a11162.png,4
31061,c14453.png,6
36415,c20395.png,3
8111,a09000.png,6
34239,c17958.png,7
26781,c09713.png,9
23239,c05782.png,5
34704,c18475.png,8
11593,a12868.png,7
8273,a09175.png,4
815,a00892.png,9
10792,a11992.png,8
19293,c01404.png,0
24137,c06776.png,1
27970,c11028.png,7
30506,c13825.png,5
36379,c20354.png,8
32430,c15955.png,0
33385,c17010.png,3
14845,a16499.png,5
10791,a11991.png,8
7146,a07920.png,6
18468,c00478.png,1
37471,c21568.png,7
35011,c18825.png,3
22948,c05465.png,8
15197,a16900.png,6
28915,c12064.png,0
15659,a17424.png,9
30166,c13450.png,4
20430,c02690.png,2
1621,a01792.png,0
7244,a08025.png,4
7043,a07803.png,1
25502,c08285.png,4
15420,a17154.png,8
18480,c00490.png,3
36894,c20940.png,7
15183,a16882.png,0
39298,c23611.png,6
13898,a15452.png,9
22674,c05162.png,9
32802,c16377.png,0
34699,c18470.png,7
20870,c03183.png,0
2242,a02470.png,1
26222,c09094.png,7
14765,a16410.png,5
275,a00296.png,7
13783,a15325.png,2
20570,c02841.png,6
12135,a13493.png,0
5523,a06101.png,0
34384,c18117.png,6
128,a00135.png,3
21124,c03456.png,2
37,a00038.png,0
39047,c23323.png,3
38889,c23146.png,2
2784,a03068.png,5
26175,c09038.png,3
36342,c20313.png,8
12917,a14366.png,2
7987,a08855.png,4
35065,c18884.png,3
25959,c08798.png,7
14909,a16567.png,4
37623,c21742.png,7
8705,a09662.png,9
14263,a15850.png,3
15971,a17773.png,2
130,a00137.png,1
4542,a05019.png,1
8057,a08935.png,7
17847,b00157.png,1
27402,c10400.png,2
20974,c03295.png,5
27795,c10835.png,3
18509,c00521.png,1
32672,c16226.png,3
7380,a08170.png,6
14320,a15914.png,5
25240,c07997.png,2
12846,a14283.png,9
28553,c11679.png,6
34006,c17702.png,5
9747,a10835.png,8
2615,a02888.png,0
6228,a06886.png,2
7276,a08058.png,7
29706,c12940.png,8
2356,a02600.png,0
26893,c09833.png,8
14951,a16613.png,2
16839,a18746.png,0
33909,c17590.png,8
29684,c12918.png,6
23251,c05794.png,0
15081,a16764.png,1
12973,a14429.png,8
26149,c09011.png,2
32569,c16114.png,6
33132,c16733.png,1
35634,c19524.png,4
37356,c21450.png,3
25890,c08722.png,5
15767,a17545.png,9
28307,c11402.png,5
17193,a19132.png,6
23224,c05766.png,3
20319,c02566.png,8
23574,c06159.png,4
1305,a01437.png,3
7329,a08115.png,8
21039,c03364.png,4
19457,c01585.png,7
14356,a15953.png,9
39252,c23555.png,4
28111,c11181.png,7
20550,c02820.png,3
8042,a08918.png,6
31858,c15336.png,1
38758,c23000.png,0
17626,a19619.png,9
25886,c08717.png,5
25710,c08517.png,8
29676,c12910.png,8
37413,c21509.png,7
20432,c02692.png,6
37268,c21355.png,5
20691,c02980.png,1
991,a01086.png,5
31225,c14637.png,8
38417,c22626.png,0
8533,a09475.png,5
21305,c03653.png,4
39769,c24127.png,2
2130,a02349.png,9
12528,a13931.png,4
20863,c03175.png,4
1116,a01225.png,7
6486,a07176.png,4
32462,c15992.png,5
28087,c11154.png,0
2564,a02834.png,9
5533,a06112.png,5
15020,a16694.png,7
24582,c07265.png,2
16599,a18487.png,6
16651,a18545.png,9
35956,c19886.png,1
27405,c10403.png,5
8126,a09016.png,7
17423,a19389.png,1
11637,a12915.png,2
33797,c17466.png,1
27769,c10803.png,3
20664,c02951.png,5
39882,c24249.png,6
19139,c01232.png,3
14073,a15641.png,3
15232,a16940.png,3
10591,a11772.png,7
13574,a15096.png,8
22583,c05064.png,0
17292,a19240.png,7
4789,a05291.png,4
3069,a03392.png,3
9061,a10065.png,0
652,a00713.png,5
33509,c17143.png,3
10934,a12154.png,1
6410,a07088.png,2
26574,c09483.png,2
13452,a14966.png,4
36048,c19991.png,4
26075,c08929.png,4
14681,a16316.png,8
37854,c22004.png,7
20383,c02638.png,1
38791,c23038.png,1
6387,a07064.png,7
4524,a05000.png,9
30423,c13735.png,1
7515,a08323.png,5
31374,c14803.png,3
24202,c06845.png,7
4144,a04585.png,9
39299,c23612.png,2
33360,c16981.png,0
5670,a06269.png,2
29575,c12799.png,8
10190,a11332.png,4
1895,a02093.png,4
5952,a06584.png,5
38353,c22553.png,7
29119,c12291.png,6
3004,a03317.png,0
21794,c04192.png,9
438,a00480.png,1
5420,a05986.png,6
270,a00290.png,2
12213,a13575.png,6
14197,a15776.png,7
32151,c15655.png,3
35276,c19122.png,5
26765,c09692.png,7
37989,c22150.png,5
19771,c01946.png,4
25894,c08726.png,6
25046,c07782.png,0
13198,a14687.png,0
13862,a15414.png,7
8231,a09130.png,4
18776,c00827.png,4
29932,c13190.png,3
9122,a10132.png,7
4499,a04974.png,1
35231,c19070.png,0
16765,a18667.png,2
13427,a14941.png,6
37236,c21320.png,0
8736,a09699.png,8
37820,c21967.png,7
12077,a13428.png,0
18322,c00316.png,0
38507,c22728.png,0
37556,c21662.png,6
1224,a01348.png,3
9925,a11030.png,3
11844,a13157.png,7
19406,c01529.png,5
5096,a05630.png,4
21103,c03434.png,2
7560,a08371.png,8
36164,c20116.png,3
36807,c20836.png,8
22462,c04932.png,6
14489,a16103.png,1
8412,a09333.png,7
4258,a04708.png,9
7802,a08644.png,5
36920,c20966.png,3
10564,a11744.png,2
6996,a07754.png,6
16151,a17973.png,1
28030,c11095.png,2
31095,c14490.png,9
37203,c21284.png,7
32691,c16247.png,1
20120,c02336.png,2
11576,a12850.png,7
38261,c22453.png,2
39088,c23370.png,7
1069,a01174.png,5
14867,a16524.png,7
29262,c12453.png,0
33947,c17632.png,5
26845,c09783.png,0
8286,a09192.png,5
38167,c22353.png,8
27221,c10198.png,4
6392,a07069.png,8
10688,a11877.png,2
27242,c10221.png,7
31722,c15189.png,1
15040,a16718.png,7
32259,c15770.png,9
4778,a05279.png,0
39143,c23431.png,8
13836,a15384.png,1
390,a00424.png,3
19932,c02129.png,2
32896,c16480.png,2
30630,c13971.png,5
34476,c18227.png,1
33751,c17411.png,8
21322,c03672.png,5
4822,a05327.png,6
12977,a14434.png,2
27886,c10935.png,5
7561,a08372.png,8
16122,a17937.png,5
17286,a19234.png,0
15142,a16835.png,0
4651,a05138.png,1
34728,c18501.png,8
7838,a08685.png,0
11850,a13164.png,3
21416,c03774.png,1
10470,a11643.png,8
6411,a07089.png,1
15746,a17522.png,1
8384,a09302.png,2
7994,a08863.png,6
12291,a13658.png,8
21631,c04013.png,0
28397,c11502.png,4
23524,c06105.png,2
13002,a14460.png,5
15118,a16806.png,1
26319,c09197.png,9
26406,c09293.png,4
31564,c15010.png,0
29520,c12735.png,5
329,a00358.png,5
24282,c06933.png,5
15163,a16860.png,8
24108,c06745.png,0
37065,c21123.png,6
23575,c06160.png,0
20449,c02712.png,9
649,a00710.png,2
5085,a05617.png,7
12537,a13942.png,6
19776,c01953.png,3
20122,c02338.png,8
9856,a10952.png,3
3457,a03811.png,3
26386,c09271.png,4
7046,a07806.png,1
26374,c09257.png,4
392,a00426.png,8
21049,c03376.png,3
34938,c18743.png,5
36658,c20668.png,1
5112,a05647.png,9
374,a00408.png,4
21144,c03476.png,0
29117,c12288.png,1
30794,c14157.png,4
32203,c15710.png,0
37537,c21641.png,0
37489,c21587.png,0
25601,c08393.png,1
34199,c17915.png,3
33744,c17404.png,2
20119,c02335.png,2
2952,a03261.png,4
24490,c07158.png,3
39261,c23564.png,8
20687,c02976.png,2
15855,a17643.png,4
21687,c04074.png,2
18951,c01021.png,1
35224,c19063.png,2
5759,a06372.png,7
14293,a15882.png,5
28916,c12065.png,9
18830,c00885.png,1
15367,a17087.png,3
27298,c10287.png,0
14275,a15863.png,8
931,a01019.png,7
21372,c03724.png,5
30370,c13676.png,7
24762,c07463.png,3
33985,c17677.png,1
10001,a11117.png,7
29714,c12949.png,6
34114,c17820.png,9
4819,a05322.png,6
18000,b00322.png,7
24882,c07594.png,4
14239,a15823.png,3
13304,a14805.png,9
1662,a01838.png,7
19787,c01967.png,5
32626,c16175.png,2
1136,a01248.png,6
1243,a01369.png,4
5071,a05601.png,7
25367,c08132.png,4
30928,c14305.png,6
34318,c18046.png,8
33454,c17084.png,2
453,a00495.png,4
22243,c04690.png,0
11372,a12623.png,4
21281,c03627.png,8
1983,a02191.png,1
16702,a18599.png,2
34309,c18034.png,4
8510,a09449.png,3
19940,c02139.png,2
5029,a05556.png,7
31513,c14954.png,3
12435,a13823.png,3
33035,c16628.png,0
35072,c18892.png,3
24899,c07614.png,5
35293,c19139.png,5
16448,a18310.png,2
20587,c02863.png,9
20411,c02671.png,9
32337,c15853.png,7
38400,c22608.png,8
39724,c24076.png,0
7761,a08601.png,1
21320,c03670.png,8
33790,c17456.png,1
25156,c07900.png,6
21451,c03812.png,8
34723,c18496.png,7
6298,a06968.png,5
17441,a19410.png,4
33169,c16773.png,9
21287,c03635.png,3
29347,c12543.png,3
4679,a05166.png,0
36603,c20606.png,1
9570,a10637.png,5
25142,c07886.png,9
7249,a08030.png,2
31414,c14848.png,1
39285,c23594.png,2
12429,a13816.png,0
2776,a03059.png,5
10968,a12193.png,1
24725,c07423.png,2
2763,a03046.png,5
18049,c00018.png,9
18251,c00239.png,0
28163,c11238.png,8
25496,c08278.png,2
19475,c01606.png,2
24974,c07697.png,3
141,a00150.png,7
19618,c01773.png,7
24043,c06674.png,7
14605,a16232.png,5
39560,c23897.png,9
20990,c03311.png,7
29201,c12387.png,6
7872,a08724.png,9
6429,a07108.png,1
35123,c18952.png,8
23372,c05938.png,1
26979,c09931.png,8
26318,c09196.png,4
12762,a14192.png,3
1582,a01751.png,1
34974,c18786.png,9
36344,c20316.png,2
34628,c18392.png,3
4346,a04803.png,9
3214,a03548.png,6
29285,c12477.png,7
28112,c11182.png,7
28782,c11925.png,2
27807,c10850.png,8
8620,a09569.png,8
34548,c18305.png,3
1463,a01615.png,1
2893,a03189.png,2
15857,a17645.png,8
18860,c00916.png,7
4171,a04614.png,3
7756,a08595.png,9
32502,c16039.png,0
21409,c03766.png,8
34888,c18686.png,8
82,a00083.png,8
11943,a13274.png,4
37070,c21129.png,9
30321,c13621.png,8
105,a00109.png,4
11567,a12839.png,5
4835,a05342.png,4
39877,c24244.png,6
34869,c18661.png,6
30067,c13341.png,8
6736,a07457.png,6
3537,a03900.png,1
14077,a15646.png,1
15791,a17571.png,7
33429,c17055.png,6
2902,a03201.png,0
32857,c16439.png,6
962,a01055.png,1
38174,c22361.png,1
24733,c07432.png,8
35689,c19585.png,0
6800,a07527.png,7
31233,c14647.png,7
4335,a04789.png,1
30946,c14323.png,0
10919,a12137.png,8
21813,c04211.png,5
26891,c09831.png,5
36766,c20788.png,9
32162,c15667.png,0
32956,c16544.png,6
22238,c04685.png,5
11663,a12947.png,9
33916,c17597.png,6
30942,c14319.png,6
37566,c21674.png,5
1835,a02029.png,2
38222,c22413.png,2
7298,a08082.png,9
6900,a07637.png,2
14585,a16212.png,2
6284,a06952.png,1
34679,c18449.png,2
32052,c15547.png,9
3333,a03674.png,3
17597,a19585.png,6
32513,c16050.png,1
19030,c01109.png,8
26598,c09508.png,2
37184,c21264.png,2
12680,a14100.png,1
11699,a12988.png,0
38614,c22845.png,6
16444,a18306.png,3
2065,a02282.png,5
33155,c16757.png,1
14943,a16605.png,4
19405,c01528.png,6
17028,a18952.png,3
30798,c14163.png,9
13674,a15204.png,7
9370,a10405.png,1
31298,c14719.png,3
13792,a15334.png,1
34501,c18254.png,5
36784,c20810.png,7
38181,c22368.png,7
24104,c06738.png,5
26596,c09506.png,3
13830,a15377.png,9
12158,a13518.png,5
5555,a06136.png,5
12471,a13868.png,2
15644,a17406.png,3
18526,c00542.png,2
3039,a03358.png,1
34570,c18330.png,4
18426,c00428.png,1
35913,c19839.png,8
30734,c14090.png,3
23815,c06431.png,0
3905,a04309.png,3
6684,a07398.png,9
27076,c10041.png,6
4591,a05072.png,2
38942,c23203.png,9
8240,a09141.png,0
11634,a12912.png,6
21331,c03683.png,9
19339,c01454.png,6
24475,c07142.png,2
22036,c04454.png,1
37697,c21826.png,9
30933,c14310.png,6
6809,a07536.png,1
33059,c16653.png,3
23081,c05610.png,1
27086,c10055.png,8
14324,a15919.png,7
37624,c21743.png,3
27676,c10700.png,7
4892,a05405.png,1
38638,c22872.png,2
20179,c02402.png,7
12336,a13709.png,2
38642,c22876.png,5
9757,a10845.png,6
37296,c21385.png,2
25932,c08769.png,5
8880,a09859.png,7
21141,c03473.png,9
13083,a14559.png,1
37138,c21210.png,1
11421,a12677.png,9
7277,a08059.png,4
2677,a02953.png,3
14014,a15574.png,2
1955,a02161.png,5
22607,c05090.png,5
1730,a01912.png,8
31153,c14555.png,0
38117,c22295.png,5
15087,a16770.png,4
36788,c20814.png,2
32685,c16240.png,9
7399,a08190.png,9
1285,a01414.png,0
2146,a02365.png,1
37311,c21402.png,9
12571,a13978.png,9
19010,c01085.png,0
31571,c15018.png,2
23335,c05897.png,2
9275,a10301.png,0
8038,a08914.png,5
118,a00125.png,1
27306,c10296.png,2
5571,a06154.png,3
25552,c08339.png,9
5785,a06404.png,3
14725,a16363.png,5
25283,c08043.png,4
6673,a07385.png,0
9878,a10976.png,7
21215,c03554.png,8
6182,a06835.png,4
28950,c12100.png,4
9284,a10310.png,3
23784,c06394.png,2
37988,c22149.png,4
5396,a05955.png,6
13557,a15078.png,4
26160,c09023.png,8
29730,c12966.png,3
14299,a15890.png,7
1578,a01747.png,8
1031,a01131.png,9
20874,c03187.png,6
28507,c11627.png,6
10505,a11681.png,9
5307,a05856.png,4
29751,c12987.png,2
22559,c05037.png,8
19047,c01127.png,1
26040,c08890.png,6
3515,a03877.png,3
24933,c07652.png,4
16310,a18151.png,8
19836,c02019.png,3
17867,b00177.png,5
10955,a12179.png,0
23009,c05534.png,6
36774,c20797.png,0
8696,a09653.png,9
6405,a07083.png,4
13107,a14585.png,3
38681,c22920.png,1
15571,a17322.png,5
38287,c22480.png,4
39784,c24143.png,9
6156,a06806.png,5
16544,a18416.png,6
27072,c10037.png,3
12694,a14116.png,8
15103,a16789.png,7
38187,c22374.png,6
37252,c21338.png,3
35105,c18932.png,1
19299,c01411.png,9
13872,a15425.png,0
26441,c09333.png,3
13804,a15348.png,1
37075,c21135.png,9
8882,a09861.png,4
17489,a19466.png,1
19825,c02008.png,4
9963,a11074.png,3
16273,a18111.png,2
22657,c05143.png,4
27053,c10014.png,9
39254,c23557.png,5
8609,a09557.png,4
28116,c11187.png,4
1210,a01332.png,2
2331,a02573.png,7
37388,c21484.png,0
36975,c21024.png,2
16083,a17896.png,2
25165,c07911.png,8
28408,c11516.png,6
34865,c18657.png,1
6178,a06830.png,1
18557,c00575.png,6
39869,c24236.png,6
1049,a01150.png,8
26688,c09605.png,8
644,a00704.png,9
19212,c01315.png,8
10428,a11593.png,3
30851,c14222.png,8
37464,c21561.png,1
25729,c08540.png,5
16598,a18483.png,0
29968,c13231.png,3
38153,c22338.png,2
10616,a11799.png,3
3483,a03842.png,7
5428,a05995.png,7
1247,a01373.png,8
15756,a17534.png,1
6562,a07264.png,0
31179,c14584.png,3
22342,c04798.png,9
26424,c09314.png,0
27850,c10897.png,0
2866,a03161.png,0
29177,c12359.png,6
1927,a02128.png,8
12116,a13471.png,2
14543,a16169.png,8
34314,c18040.png,1
12691,a14113.png,9
2960,a03271.png,4
12582,a13990.png,5
83,a00084.png,7
39021,c23293.png,5
37866,c22017.png,2
11295,a12539.png,8
22175,c04615.png,4
22303,c04755.png,3
11751,a13053.png,8
28937,c12087.png,5
38779,c23024.png,1
28481,c11599.png,9
19273,c01384.png,0
28858,c12005.png,8
30180,c13466.png,4
33441,c17069.png,0
10730,a11926.png,5
1491,a01648.png,4
25286,c08046.png,2
27450,c10451.png,3
32965,c16553.png,2
17169,a19108.png,3
11611,a12888.png,7
28716,c11856.png,9
39621,c23965.png,1
38458,c22674.png,6
4433,a04900.png,2
20434,c02696.png,4
2004,a02213.png,8
39887,c24255.png,5
13222,a14713.png,2
58,a00059.png,2
17108,a19040.png,6
35312,c19162.png,2
6597,a07304.png,2
32823,c16400.png,5
24893,c07608.png,9
10673,a11861.png,8
2911,a03210.png,6
1795,a01984.png,1
27121,c10093.png,3
18376,c00375.png,3
5724,a06329.png,0
20478,c02741.png,1
17922,b00238.png,0
30980,c14360.png,5
31377,c14807.png,8
27116,c10088.png,5
13748,a15281.png,4
5862,a06485.png,0
26552,c09457.png,5
12895,a14340.png,2
8974,a09965.png,9
28110,c11180.png,2
35802,c19719.png,5
3427,a03775.png,9
8414,a09336.png,7
28761,c11903.png,3
23822,c06438.png,0
33689,c17347.png,6
